-- Import data from Supabase to MySQL
-- Run with: sudo mariadb -u root survey_profiling < import_from_supabase.sql

SET FOREIGN_KEY_CHECKS=0;

-- Import households
INSERT INTO households (household_id, purok_gimong, barangay_name, municipality, province, urban_rural_classification, mode_of_transportation, road_structure, parish_name, diocese_prelature, years_residency, num_family_members, family_structure, local_dialect, ethnicity, missionary_companion, date_of_listing, created_at) VALUES
(49,'Purok 1','Barsat North','Enrile','Cagayan','rural',NULL,'Asphalt','Annafunan, Sta. Rosa de Lima Parish','Archdiocese of Tuguegarao',25,5,'Nuclear','Ilocano','Ilocano','21212',NULL,'2026-02-13 02:53:55'),
(54,'Purok 1','Barsat North','Enrile','Cagayan','rural',NULL,'Asphalt','Bukig, Mary, Mother of the Church Parish','Archdiocese of Tuguegarao',25,5,'Nuclear','Ilocano','Ilocano','Brother Ben','2026-02-13','2026-02-13 03:26:27'),
(55,'Purok 1','Barsat North','Enrile','Cagayan','rural',NULL,'Asphalt','Bukig, Mary, Mother of the Church Parish','Archdiocese of Tuguegarao',25,5,'Nuclear','Ilocano','Ilocano','Brother Ben','2026-02-13','2026-02-13 03:26:36'),
(56,'Purok 1','Barsat North','Enrile','Cagayan','rural',NULL,NULL,'Bukig, Mary, Mother of the Church Parish','Archdiocese of Tuguegarao',25,5,'Nuclear','Ilocano','Ilocano','Brother Ben','2026-02-13','2026-02-13 03:33:28'),
(57,'Purok 1','Barsat North','Enrile','Cagayan','rural',NULL,NULL,'Bukig, Mary, Mother of the Church Parish','Archdiocese of Tuguegarao',25,5,'Nuclear','Ilocano','Ilocano','Brother Ben','2026-02-13','2026-02-13 03:44:29'),
(50,'Purok 1','Barsat North','Enrile','Cagayan','rural',NULL,'Asphalt','Holy Family Parish (Gadu, Solana)','Archdiocese of Tuguegarao',25,5,'Nuclear','Ilocano','Ilocano','Brother Ben',NULL,'2026-02-13 03:10:05'),
(51,'Purok 1','Barsat North','Enrile','Cagayan','rural',NULL,'Asphalt','Holy Family Parish (Gadu, Solana)','Archdiocese of Tuguegarao',25,5,'Nuclear','Ilocano','Ilocano','Brother Ben',NULL,'2026-02-13 03:11:31'),
(52,'Purok 1','Barsat North','Enrile','Cagayan','rural',NULL,'Asphalt','Holy Family Parish (Gadu, Solana)','Archdiocese of Tuguegarao',25,5,'Nuclear','Ilocano','Ilocano','Brother Ben',NULL,'2026-02-13 03:13:40'),
(53,'Purok 1','Barsat North','Enrile','Cagayan','rural',NULL,'Asphalt','Holy Family Parish (Gadu, Solana)','Archdiocese of Tuguegarao',25,5,'Nuclear','Ilocano','Ilocano','Brother Ben',NULL,'2026-02-13 03:24:16'),
(58,'Purok 1','Barsat North','Enrile','Cagayan','rural',NULL,NULL,'Holy Family Parish (Gadu, Solana)','Archdiocese of Tuguegarao',25,5,'Nuclear','Ilocano','Ilocano','Brother Ben','2026-02-13','2026-02-13 04:04:32'),
(59,'Purok 1','Barsat North','Aparri','Cagayan','rural','Tricycle,Motorcycle',NULL,'Bukig, Mary, Mother of the Church Parish','Archdiocese of Tuguegarao',8,4,'Grandparent-Led','Ilocano','Ilocano','Paimon','2026-02-13','2026-02-13 08:30:21'),
(60,'Purok 1','Barsat North','Aparri','Cagayan','rural','Tricycle,Motorcycle',NULL,'Bukig, Mary, Mother of the Church Parish','Archdiocese of Tuguegarao',8,4,'Grandparent-Led','Ilocano','Ilocano','Paimon','2026-02-13','2026-02-13 08:49:51'),
(61,'Purok 1','Barsat North','Aparri','Cagayan','rural','Tricycle,Motorcycle',NULL,'Bukig, Mary, Mother of the Church Parish','Archdiocese of Tuguegarao',8,4,'Grandparent-Led','Ilocano','Ilocano','Paimon','2026-02-13','2026-02-13 08:52:42'),
(62,'Zone 3','Santor','Baggao','Cagayan','rural','Tricycle,Motorcycle',NULL,'St. Anthony de Padua Parish','Archdiocese of Tuguegarao',25,5,'Extended','Ilocano','Ilocano','Brother Ben','2026-02-13','2026-02-13 12:10:34'),
(63,'Zone 3 ','Barsat North','Baggao','Cagayan ','rural','Tricycle,Motorcycle,Jeepney',NULL,'San Jose, St. Joseph the Worker Parish and Shrines','Archdiocese of Tuguegarao ',25,4,'Nuclear','Ilocano ','Ilocano ','Brother Ben ','2026-02-13','2026-02-13 13:39:53'),
(64,'2','San Jose','Baggao','Cagayan','rural','Bicycle,Private Vehicle',NULL,'St. Joseph Parish','Archdiocese of Tuguegarao',25,4,'Nuclear','Ilocano, Itawes','Ilocano, Itawes',NULL,'2026-02-13','2026-02-13 23:44:32'),
(65,'Airport Subdivision','pengue ruyu','Tuao','Cagayan','urban','Private Vehicle',NULL,'Leonarda, Parish of the Divine Mercy of Our Lord Jesus Christ','tuguegarao',25,5,'Nuclear','ilokano','ilokano','manuel vicente t. catral','2026-02-14','2026-02-14 01:28:56'),
(66,'7','Annabuculan','Amulung','Cagayan','rural','Tricycle',NULL,'Our Lady of the Most Holy Rosary Parish','DIOCESE OF TUGUEGRAO',25,5,'Nuclear','Ilocano ','N/A','Parish Youth Ministry','2026-02-14','2026-02-14 07:18:58'),
(69,'Zone 5','Iraga','Solana','Cagayan','rural','Tricycle,Motorcycle,Jeepney,Private Vehicle',NULL,'St. Vincent Ferrer Parish (Solana)','Tuguegarao',3,5,'Extended','Ilocano','Not applicable','FREMELYN DESOR','2026-02-14','2026-02-14 07:22:18'),
(70,'3','Poblacion','Rizal','Cagayan','rural','Motorcycle',NULL,'St. Raymund Peñafort Parish','Tuguegarao Archdiocese',3,5,'Nuclear','Malaueg, Ilocano','Malaueg','None','2026-02-14','2026-02-14 07:23:52'),
(71,'Purok 05','San Juan','Rizal','Cagayan','rural','Motorcycle,Jeepney',NULL,'St. Raymund Peñafort Parish',NULL,25,5,'Single Person','Malaueg','Malaueg',NULL,'2026-02-14','2026-02-14 07:24:08'),
(72,'zone 1','Dugayung','Amulung','Cagayan ','rural','Motorcycle',NULL,'Our Lady of the Most Holy Rosary Parish','Tuguegarao ',8,4,'Couple Only','Ilocano','N/A','Virginia A. Mariano ','2026-02-14','2026-02-14 07:24:37'),
(73,'Purok1','Angang ','Tuao','Cagayan','rural','Jeepney',NULL,'Naruangan, San Roque Parish','Tuguegarao ',25,5,'Extended','Ilokano','Ilocano',NULL,'2026-02-14','2026-02-14 07:26:27'),
(74,'Purok 3','Poblacion ','Rizal','Cagayan','rural','Tricycle',NULL,'St. Raymund Peñafort Parish','Tuguegarao ',25,5,'Nuclear','Malaueg, Ilocano','Malaueg','Lay ministers ','2026-02-14','2026-02-14 07:28:22'),
(75,'Purok 5','Nangalisan','Solana','Cagayan','rural','Bicycle,Tricycle,Motorcycle,Jeepney,Van,Private Vehicle',NULL,'St. Vincent Ferrer Parish (Solana)','Tuguegarao',25,5,'Extended','Ilocano, Tagalog, English','Ilocano','Jonah Germinal','2026-02-14','2026-02-14 07:30:04'),
(76,'Purok 3','Lanna','Solana','Cagayan','rural','Bicycle,Tricycle,Motorcycle,Jeepney,Van,Private Vehicle',NULL,'St. Vincent Ferrer Parish (Solana)','Tuguegarao',25,5,'Nuclear','Ibanag, Ilocano','Ibanag','Joy, Nicolai, Dories, Jona, Fremalyn','2026-02-14','2026-02-14 07:31:18'),
(77,'ZONE 4B','Baculod ','Alcala','Cagayan ','rural','Tricycle,Motorcycle',NULL,'St. Philomene Parish','Tuguegarao',25,5,'Couple Only','Ilocano, Tagalog, English','N/A','Marlyn Vuelta','2026-02-14','2026-02-14 07:31:38'),
(78,'Purok 1','Bauan, Amulung, Cagayan','Amulung','Cagayan','rural','Bicycle,Motorcycle,Jeepney,Van,Private Vehicle',NULL,'Our Lady of the Most Holy Rosary Parish','Tuguegarao',25,2,'Couple Only','Ilocano',NULL,'Pacita N. De Leon','2026-02-14','2026-02-14 07:33:16'),
(79,'Zone 4','BACULUD','Amulung','Cagayan','rural','Private Vehicle',NULL,'Our Lady of the Most Holy Rosary Parish','TUGUEGARAO',25,1,'Single Parent','Ilokano and tagalog','NA','Angelina A. Sorita','2026-02-14','2026-02-14 07:34:07'),
(80,'Purok 07','Baculud','Amulung','Cagayan','rural','Tricycle,Motorcycle,Private Vehicle',NULL,'Our Lady of the Most Holy Rosary Parish','Tuguegarao',8,1,'Single Parent','Ilocano','N/a','Corazon o. Gascon','2026-02-14','2026-02-14 07:34:46'),
(81,'3','Gabut','Amulung','Cagayan','rural','Tricycle',NULL,'Our Lady of the Most Holy Rosary Parish','DIOCESE OF TUGUEGRAO',25,5,'Nuclear','Ilocno','None',NULL,'2026-02-14','2026-02-14 07:38:36'),
(82,' Cataggaman Parish Church','Cataggaman Nuevo','Solana',' Cagayan','rural','Tricycle,Private Vehicle',NULL,'Cataggaman, St. Dominic de Guzman Parish',NULL,25,1,'Single Parent','Ibznag. Tagalog','Ibanag','Elvira B. Pagulayan','2026-02-14','2026-02-14 07:40:00'),
(83,' Cataggaman Parish Church','Cataggaman Nuevo','Solana',' Cagayan','rural','Tricycle,Private Vehicle',NULL,'Cataggaman, St. Dominic de Guzman Parish',NULL,25,1,'Single Parent','Ibznag. Tagalog','Ibanag','Elvira B. Pagulayan','2026-02-14','2026-02-14 07:40:33'),
(84,' Cataggaman Parish Church','Cataggaman Nuevo','Solana',' Cagayan','rural','Tricycle,Private Vehicle',NULL,'Cataggaman, St. Dominic de Guzman Parish',NULL,25,1,'Single Parent','Ibanag. Tagalog','Ibanag','Elvira B. Pagulayan','2026-02-14','2026-02-14 07:51:37'),
(87,'Zone 2','Baybayog','Alcala','Cagayan','urban','Motorcycle',NULL,'St. Philomene Parish','Tuguegarao',25,4,'Nuclear','Ilocano, Tagalog','Filipino','Missionary Conversion path','2026-02-14','2026-02-14 07:56:16'),
(88,'Purok3','Centro NorthEast','Solana','Cagayan','rural','Bicycle,Tricycle,Motorcycle,Jeepney,Van,Private Vehicle',NULL,'St. Vincent Ferrer Parish (Solana)','Tuguegarao',25,5,'Extended','Ibanag,Itawes,Tagalog,English,Malaueg,Ilocano','Ibanag','Dories L. Apostol','2026-02-14','2026-02-14 08:00:14'),
(90,'3','Bugak','Baggao','Cagayan','urban','Bicycle,Tricycle',NULL,'Annafunan, Sta. Rosa de Lima Parish','Hello',25,4,'Nuclear','Tagalog','Pilipino','Tagung Pakak','2026-02-16','2026-02-16 11:45:28'),
(91,'3','Bugak','Baggao','Cagayan','urban','Bicycle,Tricycle',NULL,'Annafunan, Sta. Rosa de Lima Parish','Hello',25,4,'Nuclear','Tagalog','Pilipino','Tagung Pakak','2026-02-16','2026-02-16 11:46:08'),
(92,'3','Bugak','Baggao','Cagayan','urban','Bicycle,Tricycle',NULL,'Centro Baggao, St. Dominic de Guzman Parish','Hello',25,4,'Nuclear','Tagalog','Pilipino','Tagung Pakak','2026-02-16','2026-02-16 11:48:50'),
(93,'Zone 3','Santor','Baggao','Cagayan','rural','Bicycle,Tricycle',NULL,'St. Anthony de Padua Parish','Diocese of Tuguegarao',25,3,'Single Parent','Ilocano','N/A','Brother Ben','2026-02-16','2026-02-16 23:32:04')
ON DUPLICATE KEY UPDATE purok_gimong=VALUES(purok_gimong);

-- Import family_members
INSERT INTO family_members (member_id, household_id, full_name, role, type_of_marriage, relation_to_head_code, sex_code, age, civil_status_code, religion_code, sacraments_code, is_studying, highest_educ_attainment, occupation, status_of_work_code, fully_immunized_child, organization_code, position) VALUES
(78,64,'Bernard S. Arnedo','HH Head','2',NULL,1,55,'',1,NULL,NULL,'College','Employed','1',NULL,NULL,NULL),
(79,64,'Ofelia E. Arnedo','Spouse','2',NULL,2,54,'',1,NULL,NULL,'College','Employed','1',NULL,NULL,NULL),
(80,64,'Vince Mark E. Arnedo','Member',NULL,'1',1,27,1,1,'3,4',1,'Post-Graduate','Employed','1','true',NULL,NULL),
(81,65,'carlos r. catral','HH Head','2',NULL,1,79,'',1,NULL,NULL,'College','Others','5',NULL,NULL,NULL),
(82,65,'viventa t. catral','Spouse','2',NULL,2,78,'',1,NULL,NULL,'College','Others','5',NULL,NULL,NULL),
(83,65,'manuel t. catral','Member',NULL,'1',1,55,1,1,'3,6',1,'Post-Graduate','Others','1','false','Religious','director'),
(84,66,'Lolito G. Manaligod','HH Head','2',NULL,1,60,'',1,NULL,NULL,'College','Farming','6',NULL,NULL,NULL),
(85,66,'Zenaida D. Manaligod','Spouse','2',NULL,2,60,'',1,NULL,NULL,'College','Others','6',NULL,NULL,NULL),
(86,66,'Jonard Santiago','Member',NULL,'16',1,37,2,1,'3',0,'College','Others','6','false','Others','N/A'),
(87,69,'Maynard Desor','HH Head','2',NULL,1,36,'',1,NULL,NULL,'College','Employed','1',NULL,NULL,NULL),
(88,69,'Fremelyn G. Desor','Spouse','2',NULL,2,36,'',1,NULL,NULL,'College','Employed','1',NULL,NULL,NULL),
(89,69,'Aeron Clyde G. Desor','Member',NULL,'1',1,12,1,1,'3,4,5',1,'Junior High','Farming','6','true','Religious','Altar server'),
(90,69,'Maria Nolita B. Gallebo','Member',NULL,'12',2,61,2,1,'2,3,4,5',0,'Elementary',NULL,'6','true','Religious',NULL),
(91,69,'Sean Claude G. Desor','Member',NULL,'1',1,14,1,1,'2,3,4,5',1,'Junior High','Others','6','true','Religious','Altar server'),
(92,69,'Federico A. Gallebo','Member',NULL,'11',1,64,2,1,'2,3,4,5',0,'Elementary',NULL,'6','true','Religious',NULL),
(93,69,'Mark Jimmuel G. Basa','Member',NULL,'20',1,16,1,1,'2,3,4,5',1,'Senior High',NULL,'6','true','Religious',NULL),
(94,69,'Sky estuary G. Desor','Member',NULL,'2',2,4,1,1,'2,3,4,5',1,'Pre-School',NULL,'6','true','Religious','Altar server'),
(95,70,'Baltazar Talay','HH Head','2',NULL,1,73,'',1,NULL,NULL,'College','Others','6',NULL,NULL,NULL),
(96,70,'Geronima Asuncion','Spouse','2',NULL,2,72,'',1,NULL,NULL,'College','Others','6',NULL,NULL,NULL),
(97,70,'Jovinal A. Talay','Member',NULL,'1',1,30,1,1,'2',1,'College','Others','2','false','Youth','Choir'),
(98,71,'Juancho B. Deric','HH Head','1',NULL,1,74,'',1,NULL,NULL,'Elementary','Farming','3',NULL,NULL,NULL),
(99,71,'Celia B. Deric','Spouse','1',NULL,2,71,'',1,NULL,NULL,'Elementary','Farming','3',NULL,NULL,NULL),
(100,71,'Jerry B. Deric','Member',NULL,'1',1,27,1,1,'2',0,'Senior High','Employed','2','false','Political','Barangay Secretary'),
(101,71,'Roderick B. Deric','Member',NULL,'1',1,37,1,1,'2',0,'College','Employed','2','false','Political','Punong Barangay'),
(102,72,'Nelson M. Manuel','HH Head','2',NULL,1,55,'',1,NULL,NULL,'Junior High','Farming','3',NULL,NULL,NULL),
(103,72,'Virginia A. Mariano ','Spouse','2',NULL,2,45,'',1,NULL,NULL,'Post-Graduate','Others','1',NULL,NULL,NULL),
(104,72,'Jelly Mae','Member',NULL,'4',2,16,1,1,'3,4',1,'Senior High','Others','6','false','Others','None'),
(105,73,'Rogelio A. Ramos','HH Head','1',NULL,1,69,'',1,NULL,NULL,'Elementary','Farming','3',NULL,NULL,NULL),
(106,73,'Perlita','Spouse','1',NULL,2,67,'',1,NULL,NULL,'Junior High','Farming','3',NULL,NULL,NULL),
(107,73,'Rodel J. Ramos','Member',NULL,'1',1,48,1,1,'3',0,'Junior High','Farming','2','true','Political','Barangay Kagawad'),
(108,74,'Bonifacia Dalingay Soriano ','HH Head','2',NULL,2,66,'',1,NULL,NULL,'Post-Graduate','Employed','5',NULL,NULL,NULL),
(109,74,'Reynaldo Soriano ','Spouse','2',NULL,2,69,'',1,NULL,NULL,'Post-Graduate','Others','',NULL,NULL,NULL),
(110,74,'Kate Ashley Soriano ','Member',NULL,'8',2,15,1,1,'3',1,'Junior High',NULL,NULL,'false',NULL,NULL),
(111,75,'John Germinal','HH Head','2',NULL,1,70,'',13,NULL,NULL,'Junior High','Others','5',NULL,NULL,NULL),
(112,75,'Fe Germinal','Spouse','2',NULL,2,65,'',1,NULL,NULL,'Junior High','Hired Labor','3',NULL,NULL,NULL),
(113,75,'Jacqueline C. Germinal','Member',NULL,'2',2,39,1,1,'3,4,5',0,'College','Employed','1','true','Religious',NULL),
(114,75,'Gabrielle Dhenice C. Villaroza','Member',NULL,'8',2,14,1,1,'3,4,5',1,'Junior High',NULL,NULL,'true','Religious',NULL),
(115,75,'Jonah Germinal','Member',NULL,'2',2,45,1,1,'3,4,5',0,'Post-Graduate','Employed','1','false','Religious','Lector and Volunteer Catechists'),
(116,76,'Mauro E.Lingan','HH Head','2',NULL,1,67,'',1,NULL,NULL,'Post-Graduate','Farming','6',NULL,NULL,NULL),
(117,76,'Glory Ann Lingan','Spouse','2',NULL,2,68,'',1,NULL,NULL,'Post-Graduate','Others','6',NULL,NULL,NULL),
(118,76,'Jayson Cesar ','Member',NULL,'1',1,43,2,1,'3,4,5',0,'College','Employed','1','true','Religious','Lector'),
(119,76,'Lalaine E Lingan','Member',NULL,'6',2,44,2,1,'3,4,5',0,'College','Others','6','true','Religious','Lector'),
(120,77,'Gilbert S. Piñon','HH Head','2',NULL,1,29,'',1,NULL,NULL,'Post-Graduate','Employed','2',NULL,NULL,NULL),
(121,77,'Hazel L. Piñon','Spouse','2',NULL,2,27,'',1,NULL,NULL,'Post-Graduate','Employed','1',NULL,NULL,NULL),
(122,77,'Giezel L. Piñon','Member',NULL,'2',2,5,1,1,'2',0,NULL,NULL,'6','false',NULL,NULL),
(123,78,'Pacita N. De Leon','HH Head','2',NULL,2,64,'',1,NULL,NULL,'Post-Graduate','Farming','6',NULL,NULL,NULL),
(124,78,'Nicanor C. De Leon','Spouse','2',NULL,1,67,'',1,NULL,NULL,'Post-Graduate','Farming','3',NULL,NULL,NULL),
(125,78,'Rowel Talosig','Member',NULL,'5',1,40,4,1,NULL,1,'College',NULL,NULL,'false',NULL,NULL),
(126,79,'Angelina A. Sorita','HH Head','2',NULL,2,53,'',1,NULL,NULL,'Post-Graduate','Farming','1',NULL,NULL,NULL),
(127,79,'Roland sorita','Spouse','2',NULL,1,60,'',1,NULL,NULL,'College','Employed','6',NULL,NULL,NULL),
(128,79,'Aaron Sorita','Member',NULL,'1',1,22,1,1,NULL,1,'College','Farming','6','false','Religious','Finance'),
(129,80,'Corazon o. Gascon','HH Head','2',NULL,2,48,'',1,NULL,NULL,'College','Farming','6',NULL,NULL,NULL),
(130,80,'Gabriel o. Gascon','Member',NULL,'1',1,9,1,1,'4',1,'Elementary',NULL,NULL,'false',NULL,NULL),
(131,81,'Marvie C. Agustin','HH Head','2',NULL,2,56,'',1,NULL,NULL,'Post-Graduate','Employed','1',NULL,NULL,NULL),
(132,81,'Cornelio S. Agustin','Spouse','2',NULL,1,59,'',1,NULL,NULL,'College','Farming','6',NULL,NULL,NULL),
(133,81,'Marlvenzie Naculi','Member',NULL,'1',1,33,2,1,'3,4,5',0,'College','Employed','1','false','Religious','N/A'),
(134,82,'Lea T. Macarubbo','HH Head','2',NULL,2,65,'',1,NULL,NULL,'Post-Graduate','Others','5',NULL,NULL,NULL),
(135,83,'Lea T. Macarubbo','HH Head','2',NULL,2,65,'',1,NULL,NULL,'Post-Graduate','Others','5',NULL,NULL,NULL),
(136,84,'Lea T. Macarubbo','HH Head','2',NULL,2,65,'',1,NULL,NULL,'Post-Graduate','Others','5',NULL,NULL,NULL),
(137,84,'Deceased','Spouse','2',NULL,1,69,'',1,NULL,NULL,'Junior High','','',NULL,NULL,NULL),
(138,84,'Lhen Alona T. Macarubbo','Member',NULL,'2',2,27,1,1,'3,4',0,'Post-Graduate','Employed','1','false','Women''s','Member'),
(139,87,'Romeo C. Corpuz','HH Head','2',NULL,1,67,'',1,NULL,NULL,'Post-Graduate','Others','6',NULL,NULL,NULL),
(140,87,'Fredisminda A. Corpuz','Spouse','2',NULL,2,66,'',1,NULL,NULL,'Post-Graduate','Others','6',NULL,NULL,NULL),
(141,87,'Zoren A. Corpuz','Member',NULL,'14',1,35,1,1,'3',0,'College','Others','1','false','Religious',NULL),
(142,88,'Villamor B.Apostol','HH Head','2',NULL,1,64,'',1,NULL,NULL,'College','Hired Labor','2',NULL,NULL,NULL),
(143,88,'Dories L.Apostol','Spouse','2',NULL,2,64,'',1,NULL,NULL,'Post-Graduate','Others','5',NULL,NULL,NULL),
(144,88,'Jaylord A.DeAsis','Member',NULL,'5',1,43,2,1,'3,4,5',1,'College','Employed','1','false','Cooperatives',NULL),
(145,88,'Doviejoyce A.De Asid','Member',NULL,'2',2,39,2,1,'3,4,5',0,'College','Employed','1','false','Cooperatives','Member'),
(147,90,'Gabriela Tagung','Spouse','2',NULL,2,96,'',9,NULL,NULL,'Post-Graduate','Employed','6',NULL,NULL,NULL),
(148,90,'Gendal Tagung','Member',NULL,'7',1,90,8,8,'1',1,'College','Entertainment','6','true','Agricultural','CEO'),
(150,91,'Gabriela Tagung','Spouse','2',NULL,2,96,'',9,NULL,NULL,'Post-Graduate','Employed','6',NULL,NULL,NULL),
(151,91,'Gendal Tagung','Member',NULL,'7',1,90,8,8,'1',1,'College','Entertainment','6','true','Agricultural','CEO'),
(153,92,'Gabriela Tagung','Spouse','2',NULL,2,96,'',9,NULL,NULL,'Post-Graduate','Employed','6',NULL,NULL,NULL),
(154,92,'Gendal Tagung','Member',NULL,'7',1,90,8,8,'1',1,'College','Entertainment','6','true','Agricultural','CEO'),
(155,93,'Merfin C. Ramos','HH Head','1',NULL,2,50,'',1,NULL,NULL,'Junior High','OFW','1',NULL,NULL,NULL),
(156,93,'Nathaniel Ramos','Member',NULL,'1',1,22,1,1,'2',1,'College','Others','3','false','Others','N/A')
ON DUPLICATE KEY UPDATE full_name=VALUES(full_name);

-- Import health_conditions
INSERT INTO health_conditions (health_id, household_id, common_illness_codes, treatment_source_code, potable_water_source_code, lighting_source_code, cooking_source_code, garbage_disposal_code, toilet_facility_code, water_to_toilet_distance_code) VALUES
(7,61,'05,13,16','01','2','2','99','6','5','1'),
(8,62,'01,03,04','04,06','1,11','1,4','4','1,6,8','2','2'),
(9,63,'01','01,10','2,3','2,3','2','2,3','2,3,4','1'),
(10,64,'01','04,10','1,5,11','1,4,6','1,4,5','1,6','1','1'),
(11,65,'01,02,04','02','11,12','1','4,5','1,2,3','1','1'),
(12,66,'00','00','1','1','4','1,2','1','1'),
(13,69,'01','02,03,05','5,11','1,4','1,4','1,3,5','1','1'),
(14,70,'00','00','8','1','4','1,5','1','1'),
(15,71,'01,02,03','04,05,06,07,08','1','1','1,4','5','1,3','1'),
(16,72,'00','03','12','1','4','5','1','1'),
(17,73,'15','02,06','1','1','1,4','4,5','1','1'),
(18,74,'03','00','7,11','1,3,4','1,4','1,5','1','1'),
(19,75,'03,04','02,03,10','5,12','1','1,2,4','1,2,3,4,5,6','1','2'),
(20,76,'04,13','02','11,12','1','4,5','1,2','1','1'),
(21,77,'01,03','02,03','4','1','1,3','1,5','2','1'),
(22,78,'15','02','11','1','4','5','3','1'),
(23,79,'03,04','02,03,04','5','1','1','1','1','1'),
(24,80,'01,03,04','02','1','1,3','4,5','2','1','1'),
(25,81,'00','00','1','1','4','1,2','2','1'),
(26,84,'00','00','11,12','1','4,5','1,2,5','1','1'),
(27,87,'15','02','9','1','1,3','5','1','1'),
(28,88,'03,04','02,10','12','1,3,4,6','1,4,5','2','1','1'),
(29,90,'00,01,02,03,04,05,06,07,08,09,10,11,12,13,14,15,16,17','00,01,02,03,04,05,06,07,08,09,10','1,2,3,4,5,6,7,8,9,10,11,12','1,2,3,4,5,6,7','1,2,3,4,5','1,2,3,4,5,6,7,8,9','1,2,3,4,5','5'),
(30,91,'00,01,02,03,04,05,06,07,08,09,10,11,12,13,14,15,16,17','00,01,02,03,04,05,06,07,08,09,10','1,2,3,4,5,6,7,8,9,10,11,12','1,2,3,4,5,6,7','1,2,3,4,5','1,2,3,4,5,6,7,8,9','1,2,3,4,5','5'),
(31,92,'01,02,03,04,05,06,07,08,09,10,11,12,13,14,15,16,17','01,02,03,04,05,06,07,08,09,10','1,2,3,4,5,6,7,8,9,10,11,12','1,2,3,4,5,6','1,2,3,4,5','1,2,3,4,5,6,7,8,9','1,2,3,4,5','5'),
(32,93,'01,03,04','03,04,05','1,11','1,4','4','1,8','2','2')
ON DUPLICATE KEY UPDATE common_illness_codes=VALUES(common_illness_codes);

-- Import socio_economic
INSERT INTO socio_economic (socio_id, household_id, income_monthly_code, expenses_weekly_code, has_savings, savings_location_code, house_lot_ownership_code, house_classification_code, land_area_hectares, dist_from_church_code, dist_from_market_code) VALUES
(7,61,'8','1',1,'4','1','1',2.0000,'1','1'),
(8,62,'4','4',1,'1,2,3','1','1,4',50.0000,'1','2'),
(9,63,'1','1',1,'1','1','1',3.0000,'1','1'),
(10,64,'11','11',1,'1,2,3','1','1',6.0000,'1','1'),
(11,65,'9','11',1,'2','1','1',NULL,'1','2'),
(12,66,'5','1',1,'2','1','1',NULL,'4','4'),
(13,69,'7','10',1,'99','1','1',0.0100,'1','3'),
(14,70,'4','3',0,'66','1','1',5.0000,'1','1'),
(15,71,'3','11',0,'3','4','3',0.1000,'4','4'),
(16,72,'5','7',0,'66','1','1',NULL,'2','2'),
(17,73,'3','4',0,'66','1','1',NULL,'2','1'),
(18,74,'3','5',1,'2','1','1',300.0000,'1','1'),
(19,75,'11','11',1,'2,4','1','1,4',0.5000,'2','2'),
(20,76,'11','11',1,'2','1','1',1.0000,'1','1'),
(21,77,'5','4',1,'2','1','1',1.0000,'2','2'),
(22,78,'2','1',0,NULL,'1','2',NULL,'2','2'),
(23,79,'11','11',0,'66','5','1',300.0000,'2','2'),
(24,80,'4','5',1,'2,3','1','1',7.5000,'2','1'),
(25,81,'7','1',1,'2','1','1',NULL,'1','1'),
(26,84,'11','11',1,'2','1','1',200.0000,'2','3'),
(27,87,'4','6',0,'1','1','1',1.0000,'2','2'),
(28,88,'11','11',1,'2','1','1',0.3000,'1','1'),
(29,92,'11','11',1,'1,2,3,4','1','1',200.0000,'4','4'),
(30,93,'5','4',1,'1,3','1','1,4',50.0000,'1','1')
ON DUPLICATE KEY UPDATE income_monthly_code=VALUES(income_monthly_code);

-- Import users
INSERT INTO users (id, username, password) VALUES
(1,'St. Padre Pio of Pietrelcina Parish','2026@Padre_XqLma7!'),
(2,'Dana-ili, Immaculate Conception Parish','2026@Danaili_TzRop4#'),
(3,'St. Thomas Aquinas Parish','2026@Thomas_KyNed9$'),
(4,'St. Philomene Parish','2026@Philomene_JaWux3%'),
(5,'Our Lady of Fatima Parish','2026@Fatima_PoRiq8&'),
(6,'Our Lady of the Most Holy Rosary Parish','2026@Rosary_LmCaz5*'),
(7,'Cordova, St. Vincent Ferrer Parish','2026@Cordova_VeTyn2@'),
(8,'St. Peter Gonzales of Thelmo Parish','2026@Peter_SuQel6!'),
(9,'Bukig, Mary, Mother of the Church Parish','2026@Bukig_NaMop1#'),
(10,'Centro Baggao, St. Dominic de Guzman Parish','2026@Centro_HiZar7$'),
(11,'San Jose, St. Joseph the Worker Parish and Shrines','2026@SanJose_WoLem3%'),
(12,'Tallang, Our Lady of Peace and Good Voyage Parish','2026@Tallang_RyBic8&'),
(13,'Holy Cross Parish','2026@HolyCross_TaQev4*'),
(14,'St. Anne Parish','2026@Anne_MuXor9!'),
(15,'St. Bartholomew Parish','2026@Bartholomew_LeKip5#'),
(16,'St. Hyacinth of Poland Parish','2026@Hyacinth_DoRax2$'),
(17,'Dugo, St. Isidore the Farmer Parish','2026@Dugo_ZeTaq6%'),
(18,'St. Vincent Ferrer Parish (Camiguin)','2026@Camiguin_KoLur1&'),
(19,'St. Vincent Ferrer Parish (Solana)','2026@Solana_ZoNik8$'),
(20,'St. Joseph Parish','2026@Joseph_PaNix7*'),
(21,'Our Lady of Snows Parish','2026@Snows_YuCem3!'),
(22,'St. Catherine of Alexandria Parish','2026@Catherine_RoTas8#'),
(23,'St. Roch Parish (Gonzaga)','2026@RochG_BeQul4$'),
(24,'San Isidro Labrador Parish Church (Nabaccayan)','2026@IsidroN_SaVem9%'),
(25,'St. James the Apostle Parish','2026@James_TiKor2&'),
(26,'St. Dominic de Guzman Parish','2026@Dominic_XeRal6*'),
(27,'Magapit, Our Lady of the Miraculous Medal Parish','2026@Magapit_LuQon1!'),
(28,'San Isidro Labrador Parish (Lasam)','2026@IsidroL_WaTem5#'),
(29,'St. Peter the Martyr Parish','2026@PeterM_ZoNik8$'),
(30,'St. Dominic de Guzman Parish — Basilica Minore of Our Lady of Piat','2026@Piat_RuXel3%'),
(31,'St. Joseph, Husband of Mary Parish','2026@HusbandOfMary_MaQir7&'),
(32,'Our Mother of Perpetual Help Parish (Nannarian, Peñablanca)','2026@Nannarian_PoLax2*'),
(33,'St. Raymund Peñafort Parish','2026@Raymund_TeZom9!'),
(34,'Mauanan, St. Francis of Assisi Parish','2026@Mauanan_KiRup4#'),
(35,'Sto. Niño Parish – Archdiocesan Shrine of Sto. Niño','2026@StoNino_SaXet6$'),
(36,'Sto. Niño Parish (Faire)','2026@Faire_QoLum1%'),
(37,'St. Roch Parish (Sanchez Mira)','2026@RochS_YeTik8&'),
(38,'Our Lady of Perpetual Help Parish (Namuac)','2026@Namuac_YeTik8&'),
(39,'Holy Family Parish (Gadu, Solana)','2026@Gadu_RaCen5*'),
(40,'St. Anthony de Padua Parish','2026@Anthony_VoPex3!'),
(41,'Casambalangan, Sts. Peter and Paul Parish','2026@Casambalagan_MiQat7#'),
(42,'San Isidro Labrador Parish (Sta. Praxedes)','2026@IsidroP_LeVux2$'),
(43,'Sta. Rosa de Lima Parish (under Tuguegarao City)','2026@StaRosa_LeVux2$'),
(44,'Our Lady of the Angels Parish','2026@Angels_XoTar9%'),
(45,'Holy Guardian Angels Parish','2026@Guardians_PeZal4&'),
(46,'Naruangan, San Roque Parish','2026@Naruangan_TuMek6*'),
(47,'Annafunan, Sta. Rosa de Lima Parish','2026@Annafunan_LaQir1!'),
(48,'Cataggaman, St. Dominic de Guzman Parish','2026@Cataggaman_ZeRop8#'),
(49,'Leonarda, Parish of the Divine Mercy of Our Lord Jesus Christ','2026@Leonarda_WiTax3$'),
(50,'San Gabriel, Sto. Niño Parish – Archdiocesan Shrine of Sto. Niño','2026@SanGabriel_MoQen7%'),
(51,'St. Peter's Metropolitan Cathedral','2026@Cathedral_RuPax5&'),
(52,'Archdiocese of Tuguegarao','2026@Tuguegarao_VuRds5$'),
(54,'SJCB_Admin','SJC@1950!_x&zbhL')
ON DUPLICATE KEY UPDATE username=VALUES(username);

SET FOREIGN_KEY_CHECKS=1;
